date,code,open,high,low,close,preclose,volume,amount,adjustflag,turn,tradestatus,pctChg,isST
2025-02-05,sh.600926,14.25536145,14.25536145,13.97697392,13.99617306,14.16896532,27797884,407349627.65,2,0.5013,1,-1.2195,0
2025-02-06,sh.600926,14.15936575,14.42815371,14.1113679,14.17856489,13.99617306,50113892,742683158.46,2,0.9037,1,1.3032,0
2025-02-07,sh.600926,14.16896532,14.32255844,14.06337005,14.1113679,14.17856489,42711239,629592971.05,2,0.7702,1,-0.4739,0
2025-02-10,sh.600926,14.14976618,14.2073636,14.04417091,14.07296962,14.1113679,27189373,399847363.09,2,0.4903,1,-0.2721,0
2025-02-11,sh.600926,14.06337005,14.19776403,14.06337005,14.15936575,14.07296962,35627391,524704686.35,2,0.6424,1,0.6139,0
2025-02-12,sh.600926,14.14016661,14.22656274,14.09216876,14.18816446,14.15936575,35460054,522889720.59,2,0.6394,1,0.2034,0
2025-02-13,sh.600926,14.16896532,14.21696317,14.09216876,14.09216876,14.18816446,33851411,498843824.28,2,0.6104,1,-0.6766,0
2025-02-14,sh.600926,14.09216876,14.13056704,13.96737435,14.06337005,14.09216876,25194062,368123863.84,2,0.4543,1,-0.2044,0
2025-02-17,sh.600926,14.10176833,14.13056704,13.90977693,14.0153722,14.06337005,31856585,464042900.24,2,0.5744,1,-0.3413,0
2025-02-18,sh.600926,13.97697392,14.15936575,13.97697392,14.04417091,14.0153722,39915930,585919037.39,2,0.7198,1,0.2055,0
2025-02-19,sh.600926,14.06337005,14.1113679,13.97697392,14.05377048,14.04417091,33289471,487309254.87,2,0.6003,1,0.0684,0
2025-02-20,sh.600926,14.03457134,14.08256919,13.97697392,14.0153722,14.05377048,20313338,296774565.74,2,0.3663,1,-0.2732,0
2025-02-21,sh.600926,13.99617306,14.00577263,13.81378123,13.83298037,14.0153722,41534606,599995076.86,2,0.749,1,-1.3014,0
2025-02-24,sh.600926,13.8233808,13.87137865,13.76578338,13.78498252,13.83298037,30087073,432831251.38,2,0.5425,1,-0.347,0
2025-02-25,sh.600926,13.77538295,13.78498252,13.5353937,13.56419241,13.78498252,36807284,522329702.48,2,0.6637,1,-1.6017,0
2025-02-26,sh.600926,13.55459284,13.79458209,13.55459284,13.7273851,13.56419241,21399838,305846463.36,2,0.3859,1,1.2031,0
2025-02-27,sh.600926,13.7273851,13.9193765,13.61219026,13.9193765,13.7273851,27160335,391242970.94,2,0.4898,1,1.3986,0
2025-02-28,sh.600926,13.90017736,13.98657349,13.83298037,13.83298037,13.9193765,23434236,339618999.67,2,0.4226,1,-0.6207,0
2025-03-03,sh.600926,13.83298037,14.00577263,13.77538295,13.98657349,13.83298037,27382490,397093953.71,2,0.4938,1,1.1103,0
2025-03-04,sh.600926,13.94817521,14.02497177,13.90977693,13.98657349,13.98657349,19091358,277801110.43,2,0.3443,1,0.0,0
2025-03-05,sh.600926,13.97697392,14.12096747,13.92897607,14.10176833,13.98657349,32384747,474326083.95,2,0.584,1,0.8236,0
2025-03-06,sh.600926,14.08256919,14.10176833,13.94817521,14.07296962,14.10176833,24564577,359415158.02,2,0.443,1,-0.2042,0
2025-03-07,sh.600926,14.09216876,14.19776403,14.06337005,14.16896532,14.07296962,63252587,933081072.27,2,1.1406,1,0.6821,0
2025-03-10,sh.600926,14.14016661,14.14016661,14.0153722,14.06337005,14.16896532,23229985,340478845.22,2,0.4189,1,-0.7453,0
2025-03-11,sh.600926,14.02497177,14.14016661,13.99617306,14.14016661,14.06337005,19483143,285747990.77,2,0.3513,1,0.5461,0
2025-03-12,sh.600926,14.14016661,14.14016661,14.03457134,14.05377048,14.14016661,16646103,244339087.09,2,0.3002,1,-0.611,0
2025-03-13,sh.600926,14.04417091,14.16896532,14.03457134,14.1113679,14.05377048,36046863,530235298.34,2,0.65,1,0.4098,0
2025-03-14,sh.600926,14.10176833,14.17856489,14.0153722,14.07296962,14.1113679,46265802,679560925.0,2,0.8343,1,-0.2721,0
2025-03-17,sh.600926,14.08256919,14.19776403,14.04417091,14.13056704,14.07296962,45142941,665288995.66,2,0.814,1,0.4093,0
2025-03-18,sh.600926,14.13056704,14.15936575,14.06337005,14.10176833,14.13056704,27798515,408574316.54,2,0.5013,1,-0.2038,0
2025-03-19,sh.600926,14.12096747,14.24576188,14.05377048,14.22656274,14.10176833,56998649,841607268.3,2,1.0278,1,0.885,0
2025-03-20,sh.600926,14.19776403,14.29375973,14.12096747,14.16896532,14.22656274,41904853,618921917.32,2,0.7556,1,-0.4049,0
2025-03-21,sh.600926,14.16896532,14.23616231,14.04417091,14.07296962,14.16896532,36390434,535453989.6,2,0.6562,1,-0.6775,0
2025-03-24,sh.600926,14.05377048,14.23616231,14.03457134,14.18816446,14.07296962,56481718,834077923.32,2,1.0185,1,0.8186,0
2025-03-25,sh.600926,14.18816446,14.21696317,14.13056704,14.14016661,14.18816446,27238203,401774202.59,2,0.4912,1,-0.3383,0
2025-03-26,sh.600926,14.13056704,14.18816446,14.03457134,14.03457134,14.14016661,36750120,539515396.35,2,0.6627,1,-0.7468,0
2025-03-27,sh.600926,14.05377048,14.1113679,14.0153722,14.04417091,14.03457134,19407467,284359204.42,2,0.35,1,0.0684,0
2025-03-28,sh.600926,14.04417091,14.06337005,13.95777478,14.0153722,14.04417091,29356247,428105198.86,2,0.5294,1,-0.2051,0
2025-03-31,sh.600926,14.0153722,14.07296962,13.85217951,13.86177908,14.0153722,42915654,623085753.65,2,0.7739,1,-1.0959,0
2025-04-01,sh.600926,13.86177908,14.03457134,13.84257994,14.0153722,13.86177908,32320340,470307354.86,2,0.5828,1,1.108,0
2025-04-02,sh.600926,14.02497177,14.12096747,13.99617306,14.10176833,14.0153722,37004042,542596833.88,2,0.6371,1,0.6164,0
2025-04-03,sh.600926,14.06337005,14.09216876,13.88097822,14.05377048,14.10176833,52582849,768142465.51,2,0.9053,1,-0.3404,0
2025-04-07,sh.600926,13.66978768,13.71778553,13.03621606,13.3434023,14.05377048,100647619,1406315532.84,2,1.7328,1,-5.0546,0
2025-04-08,sh.600926,13.3434023,13.74658424,13.31460359,13.7273851,13.3434023,63843624,902109349.62,2,1.0992,1,2.8777,0
2025-04-09,sh.600926,13.66018811,13.77538295,13.44899757,13.77538295,13.7273851,48680469,690203403.01,2,0.8381,1,0.3497,0
2025-04-10,sh.600926,13.81378123,13.9193765,13.68898682,13.88097822,13.77538295,34754340,500658661.3,2,0.5984,1,0.7666,0
2025-04-11,sh.600926,13.84257994,13.88097822,13.7273851,13.85217951,13.88097822,24062767,346119180.58,2,0.4143,1,-0.2075,0
2025-04-14,sh.600926,13.88097822,13.92897607,13.7273851,13.73698467,13.85217951,35481109,510335405.38,2,0.6109,1,-0.8316,0
2025-04-15,sh.600926,13.7273851,13.97697392,13.7273851,13.96737435,13.73698467,38576919,558658208.72,2,0.6642,1,1.6771,0
2025-04-16,sh.600926,13.95777478,14.06337005,13.9193765,14.05377048,13.96737435,47081674,687066946.86,2,0.8106,1,0.6186,0
2025-04-17,sh.600926,14.02497177,14.04417091,13.90977693,14.0153722,14.05377048,30827717,448805891.82,2,0.5308,1,-0.2732,0
2025-04-18,sh.600926,13.96737435,14.05377048,13.93857564,14.00577263,14.0153722,30942163,451771502.07,2,0.5289,1,-0.0685,0
2025-04-21,sh.600926,13.98657349,14.03457134,13.85217951,13.85217951,14.00577263,31271501,454257237.51,2,0.5345,1,-1.0966,0
2025-04-22,sh.600926,13.87137865,13.96737435,13.87137865,13.92897607,13.85217951,25457663,369410934.53,2,0.4351,1,0.5544,0
2025-04-23,sh.600926,13.95777478,14.00577263,13.90017736,13.90017736,13.92897607,24668820,358555323.47,2,0.3882,1,-0.2068,0
2025-04-24,sh.600926,13.90017736,14.03457134,13.89057779,13.96737435,13.90017736,31862891,464485305.68,2,0.5014,1,0.4834,0
2025-04-25,sh.600926,13.98657349,14.03457134,13.90017736,13.98657349,13.96737435,27291493,397011914.22,2,0.4295,1,0.1375,0
2025-04-28,sh.600926,13.99617306,14.14016661,13.98657349,14.10176833,13.98657349,57051602,837554075.99,2,0.8978,1,0.8236,0
2025-04-29,sh.600926,14.14976618,14.399355,14.1113679,14.21696317,14.10176833,91618527,1357983636.28,2,1.4418,1,0.8169,0
2025-04-30,sh.600926,14.18816446,14.2073636,14.03457134,14.1113679,14.21696317,53331160,783742526.25,2,0.8393,1,-0.7427,0
2025-05-06,sh.600926,14.13056704,14.15936575,13.99617306,14.06337005,14.1113679,44480926,650641659.89,2,0.7,1,-0.3401,0
2025-05-07,sh.600926,14.14016661,14.16896532,14.06337005,14.16896532,14.06337005,46395156,683269051.99,2,0.7301,1,0.7509,0
2025-05-08,sh.600926,14.14976618,14.28416016,14.12096747,14.28416016,14.16896532,64718090,959495420.1,2,1.0185,1,0.813,0
2025-05-09,sh.600926,14.27456059,14.76413866,14.26496102,14.64894382,14.28416016,138223662,2094849276.65,2,2.1752,1,2.5538,0
2025-05-12,sh.600926,14.61054554,14.69694167,14.45695242,14.46655199,14.64894382,89310557,1354121995.83,2,1.3597,1,-1.2451,0
2025-05-13,sh.600926,14.46655199,14.66814296,14.399355,14.64894382,14.46655199,82609489,1252962331.01,2,1.2577,1,1.2608,0
2025-05-14,sh.600926,14.61054554,14.81213651,14.52414941,14.69694167,14.64894382,84981437,1297503963.68,2,1.2938,1,0.3277,0
2025-05-15,sh.600926,14.73533995,15.01372748,14.71614081,14.71614081,14.69694167,84412856,1304582705.99,2,1.2852,1,0.1306,0
2025-05-16,sh.600926,14.70654124,14.85053479,14.51454984,14.6873421,14.71614081,61044462,930719393.13,2,0.9294,1,-0.1957,0
2025-05-19,sh.600926,14.66814296,14.75453909,14.54334855,14.54334855,14.6873421,55412057,844249725.39,2,0.8436,1,-0.9804,0
2025-05-20,sh.600926,14.5913464,14.72574038,14.54334855,14.56254769,14.54334855,61026805,929190041.93,2,0.9291,1,0.132,0
2025-05-21,sh.600926,14.57214726,14.85053479,14.56254769,14.79293737,14.56254769,74070747,1137745519.63,2,1.1277,1,1.5821,0
2025-05-22,sh.600926,14.79293737,15.13852189,14.74493952,15.09052404,14.79293737,94935794,1483020595.74,2,1.4454,1,2.0117,0
2025-05-23,sh.600926,15.10012361,15.23451759,14.94653049,14.98492877,15.09052404,66579216,1045874829.57,2,1.0137,1,-0.6997,0
2025-05-26,sh.600926,15.02332705,15.17692017,14.90813221,14.95613006,14.98492877,74957917,1174422107.18,2,1.1412,1,-0.1922,0
2025-05-27,sh.600926,15.02332705,15.53210426,15.02332705,15.37851114,14.95613006,127843023,2039608819.37,2,1.9464,1,2.8241,0
2025-05-28,sh.600926,15.37851114,15.86808921,15.359312,15.76249394,15.37851114,115684467,1891545453.61,2,1.7613,1,2.4969,0
2025-05-29,sh.600926,15.72409566,15.82009136,15.58970168,15.6472991,15.76249394,70846697,1157488996.2,2,1.0786,1,-0.7308,0
2025-05-30,sh.600926,15.70489652,16.04088147,15.69529695,15.99288362,15.6472991,77384293,1280694549.82,2,1.1782,1,2.2086,0
2025-06-03,sh.600926,16.1272776,16.20407416,15.95448534,16.1272776,15.99288362,91180156,1527883593.92,2,1.3882,1,0.8403,0
2025-06-04,sh.600926,16.10807846,16.20407416,15.92568663,16.19447459,16.1272776,67973004,1138948251.39,2,1.0349,1,0.4167,0
2025-06-05,sh.600926,16.20407416,16.24247244,15.79129265,15.84889007,16.19447459,74528668,1237700272.81,2,1.1347,1,-2.134,0
2025-06-06,sh.600926,15.90648749,16.01208276,15.7432948,15.84889007,15.84889007,64905666,1070893791.9,2,0.9882,1,0.0,0
2025-06-09,sh.600926,15.90648749,15.9352862,15.65689867,15.86808921,15.84889007,74884453,1232490085.18,2,1.1401,1,0.1211,0
2025-06-10,sh.600926,15.86808921,16.14647674,15.81049179,15.88728835,15.86808921,67673192,1126041146.71,2,0.951,1,0.121,0
2025-06-11,sh.600926,15.88728835,15.9352862,15.72409566,15.77209351,15.88728835,46127722,759559425.58,2,0.6482,1,-0.7251,0
2025-06-12,sh.600926,15.71449609,16.07927975,15.69529695,16.05048104,15.77209351,71092927,1180853055.07,2,0.999,1,1.7651,0
2025-06-13,sh.600926,16.05048104,16.10807846,15.80089222,15.85848964,16.05048104,85883349,1424868536.67,2,1.2069,1,-1.1962,0
2025-06-16,sh.600926,15.92568663,15.99288362,15.79129265,15.92568663,15.85848964,38430753,636536431.46,2,0.5363,1,0.4237,0
2025-06-17,sh.600926,15.9352862,16.07927975,15.7432948,15.76249394,15.92568663,56106557,925579397.6,2,0.783,1,-1.0247,0
2025-06-18,sh.600926,15.76249394,15.96408491,15.71449609,15.90648749,15.76249394,43348459,715432326.65,2,0.6049,1,0.9135,0
2025-06-19,sh.600926,15.9352862,16.11767803,15.84889007,16.04088147,15.90648749,53763219,896399176.64,2,0.7503,1,0.8449,0
2025-06-20,sh.600926,16.07927975,16.52085997,16.05048104,16.46326255,16.04088147,77467129,1320568485.02,2,1.0811,1,2.6332,0
2025-06-23,sh.600926,16.46326255,16.53045954,16.23287287,16.46326255,16.46326255,55915377,955520669.18,2,0.7803,1,0.0,0
2025-06-24,sh.600926,16.4152647,16.54005911,16.27127115,16.47286212,16.46326255,67214315,1148973328.6,2,0.938,1,0.0583,0
2025-06-25,sh.600926,16.45366298,16.83764578,16.37686642,16.71285137,16.47286212,61368915,1061841138.02,2,0.8564,1,1.4569,0
2025-06-26,sh.600926,16.72245094,17.13523245,16.57845739,17.04883632,16.71285137,66289809,1166055556.74,2,0.9251,1,2.0103,0
2025-06-27,sh.600926,16.96244019,17.07763503,16.2232733,16.27127115,17.04883632,113037049,1950911795.0,2,1.5774,1,-4.5608,0
2025-06-30,sh.600926,16.2232733,16.30006986,16.01208276,16.14647674,16.27127115,66515962,1117134938.68,2,0.9282,1,-0.767,0
2025-07-01,sh.600926,16.13687717,16.74165008,16.1272776,16.63605481,16.14647674,73969252,1271722141.27,2,1.0322,1,3.0321,0
2025-07-02,sh.600926,16.59765653,16.77044879,16.57845739,16.59765653,16.63605481,40641106,705459949.07,2,0.5612,1,-0.2308,0
2025-07-03,sh.600926,16.59765653,16.72245094,16.49206126,16.58805696,16.59765653,33872520,584976481.97,2,0.4678,1,-0.0578,0
2025-07-04,sh.600926,16.58805696,16.88564363,16.52085997,16.77044879,16.58805696,48669135,849291992.17,2,0.6721,1,1.0995,0
2025-07-07,sh.600926,16.77044879,16.78964793,16.50166083,16.64565438,16.77044879,37047924,642582438.97,2,0.5116,1,-0.7441,0
2025-07-08,sh.600926,16.62645524,16.67445309,16.33846814,16.42486427,16.64565438,50915812,872334326.01,2,0.7024,1,-1.3264,0
2025-07-09,sh.600926,16.4152647,16.73205051,16.39606556,16.6072561,16.42486427,51758972,895389412.47,2,0.714,1,1.1105,0
2025-07-10,sh.600926,16.63605481,16.88564363,16.57845739,16.66485352,16.6072561,65243866,1138555329.29,2,0.9,1,0.3468,0
2025-07-11,sh.600926,16.78004836,16.94324105,16.39606556,16.44406341,16.66485352,88758467,1540959253.88,2,1.2244,1,-1.3249,0
2025-07-14,sh.600926,16.4152647,16.69365223,16.39606556,16.47286212,16.44406341,44819004,772026437.48,2,0.6183,1,0.1751,0
2025-07-15,sh.600926,16.49206126,16.65525395,16.24247244,16.24247244,16.47286212,49428958,844293096.83,2,0.6819,1,-1.3986,0
2025-07-16,sh.600926,16.0312819,16.27127115,15.79129265,16.26167158,16.24247244,86360194,1445208553.5,2,1.1913,1,0.1182,0
2025-07-17,sh.600926,16.23287287,16.34806771,16.04088147,16.17527545,16.26167158,36317600,611078273.64,2,0.501,1,-0.5313,0
2025-07-18,sh.600926,16.319269,16.57845739,16.319269,16.55925825,16.17527545,58249763,1001410774.79,2,0.8036,1,2.3739,0
2025-07-21,sh.600926,16.588532,16.70562752,16.2957932,16.45192056,16.55925812,61196510,1031790317.14,2,0.8442,1,-0.6482,0
2025-07-22,sh.600926,16.3933728,16.45192056,16.02257032,16.16893972,16.45192056,67079404,1110702693.05,2,0.9254,1,-1.72,0
2025-07-23,sh.600926,16.1494238,16.344583,16.11039196,16.1982136,16.16893972,52561171,874447407.48,2,0.7251,1,0.1811,0
2025-07-24,sh.600926,16.20797156,16.20797156,15.96402256,15.99329644,16.1982136,61962495,1019648833.7,2,0.8548,1,-1.2651,0
2025-07-25,sh.600926,15.97378052,16.15918176,15.9542646,15.97378052,15.99329644,58597968,964074258.17,2,0.8084,1,-0.122,0
2025-07-28,sh.600926,16.0030544,16.344583,16.0030544,16.17869768,15.97378052,56210476,934499933.96,2,0.7754,1,1.2828,0
2025-07-29,sh.600926,16.16893972,16.28603524,15.87620092,15.9054748,16.17869768,55307308,907141609.17,2,0.763,1,-1.6888,0
2025-07-30,sh.600926,15.9054748,16.12990788,15.88595888,15.96402256,15.9054748,44394031,728224593.3,2,0.6124,1,0.3681,0
2025-07-31,sh.600926,15.96402256,16.03232828,15.53467232,15.6615258,15.96402256,74053574,1190324953.38,2,1.0216,1,-1.8949,0
2025-08-01,sh.600926,15.72983152,15.89571684,15.50539844,15.86644296,15.6615258,57320811,925534486.24,2,0.7907,1,1.3084,0
2025-08-04,sh.600926,15.79813724,16.09087604,15.78837928,15.856685,15.86644296,44948162,733902675.06,2,0.6201,1,-0.0615,0
2025-08-05,sh.600926,15.856685,16.07136012,15.83716908,16.03232828,15.856685,46044219,752838533.52,2,0.6352,1,1.1077,0
2025-08-06,sh.600926,16.03232828,16.07136012,15.856685,15.96402256,16.03232828,41821583,684051607.72,2,0.5769,1,-0.426,0
2025-08-07,sh.600926,15.98353848,16.08111808,15.88595888,16.0030544,15.96402256,35795801,586494746.04,2,0.4938,1,0.2445,0
2025-08-08,sh.600926,16.03232828,16.17869768,15.96402256,15.99329644,16.0030544,34263369,563649935.36,2,0.4727,1,-0.061,0
2025-08-11,sh.600926,15.99329644,16.01281236,15.8078952,15.84692704,15.99329644,36964601,601073268.67,2,0.5099,1,-0.9152,0
2025-08-12,sh.600926,15.86644296,15.94450664,15.77862132,15.79813724,15.84692704,33829409,548958612.33,2,0.4667,1,-0.3079,0
2025-08-13,sh.600926,15.8078952,15.856685,15.5151564,15.54443028,15.79813724,66270769,1062383842.94,2,0.9142,1,-1.6059,0
2025-08-14,sh.600926,15.5639462,15.612736,15.42733476,15.43709272,15.54443028,50244968,798762828.3,2,0.6931,1,-0.6905,0
2025-08-15,sh.600926,15.47612456,15.53467232,15.1736278,15.48588252,15.43709272,74372595,1167933292.35,2,1.026,1,0.3161,0
2025-08-18,sh.600926,15.5639462,15.7103156,15.31023924,15.53467232,15.48588252,86101337,1369000607.82,2,1.1878,1,0.3151,0
2025-08-19,sh.600926,15.5639462,15.6615258,15.39806088,15.59322008,15.53467232,49089655,779630815.34,2,0.6772,1,0.3769,0
2025-08-20,sh.600926,15.54443028,16.0030544,15.5151564,15.86644296,15.59322008,93870504,1526494551.81,2,1.2949,1,1.7522,0
2025-08-21,sh.600926,15.87620092,16.06160216,15.74934744,15.96402256,15.86644296,52610462,858871208.57,2,0.7258,1,0.615,0
2025-08-22,sh.600926,15.9542646,16.02257032,15.612736,15.70055764,15.96402256,83707993,1347461913.18,2,1.1548,1,-1.6504,0
2025-08-25,sh.600926,15.6615258,15.8078952,15.53467232,15.78837928,15.70055764,93487269,1505994105.88,2,1.2897,1,0.5594,0
2025-08-26,sh.600926,15.81765316,15.81765316,15.59322008,15.59322008,15.78837928,58984423,945380552.31,2,0.8137,1,-1.2361,0
2025-08-27,sh.600926,15.57370416,15.68104172,15.4663666,15.47612456,15.59322008,59601507,950777052.05,2,0.8222,1,-0.7509,0
2025-08-28,sh.600926,15.43709272,15.73958948,15.42733476,15.69079968,15.47612456,62820899,1003499461.6,2,0.8666,1,1.3871,0
2025-08-29,sh.600926,15.69079968,15.82741112,15.48588252,15.48588252,15.69079968,71815922,1151378215.3,2,0.9907,1,-1.306,0
2025-09-01,sh.600926,15.47612456,15.57370416,15.30048128,15.31023924,15.48588252,58944015,930105578.37,2,0.8131,1,-1.1342,0
2025-09-02,sh.600926,15.3199972,15.59322008,15.30048128,15.59322008,15.31023924,75616280,1200018588.69,2,1.0431,1,1.8483,0
2025-09-03,sh.600926,15.54443028,15.57370416,15.21265964,15.29072332,15.59322008,65321868,1027253790.52,2,0.9011,1,-1.9399,0
2025-09-04,sh.600926,15.24193352,15.28096536,15.04677432,15.26144944,15.29072332,62759632,976184512.36,2,0.8658,1,-0.1914,0
2025-09-05,sh.600926,15.30048128,15.30048128,15.09556412,15.25169148,15.26144944,43193357,672915051.75,2,0.5959,1,-0.0639,0
2025-09-08,sh.600926,15.20290168,15.47612456,15.16386984,15.35902904,15.25169148,59874523,943649874.08,2,0.826,1,0.7038,0
2025-09-09,sh.600926,15.368787,15.65176784,15.35902904,15.65176784,15.35902904,59489696,947484075.34,2,0.8207,1,1.906,0
2025-09-10,sh.600926,15.58346212,15.69079968,15.48588252,15.5639462,15.65176784,34703969,553990592.57,2,0.4787,1,-0.5611,0
2025-09-11,sh.600926,15.55418824,15.67128376,15.48588252,15.60297804,15.5639462,38512134,614060478.41,2,0.5313,1,0.2508,0
2025-09-12,sh.600926,15.58346212,15.64200988,15.30048128,15.33951312,15.60297804,49783559,787275272.6,2,0.6868,1,-1.6886,0
2025-09-15,sh.600926,15.33951312,15.43709272,15.18338576,15.28096536,15.33951312,39136902,613795457.31,2,0.5399,1,-0.3817,0
2025-09-16,sh.600926,15.28096536,15.33951312,15.0760482,15.09556412,15.28096536,40065647,622710736.31,2,0.5527,1,-1.2133,0
2025-09-17,sh.600926,15.09556412,15.1736278,15.0272584,15.04677432,15.09556412,35100211,542256907.01,2,0.4842,1,-0.3232,0
2025-09-18,sh.600926,15.08580616,15.15411188,14.76379348,14.7833094,15.04677432,51127553,781963181.37,2,0.7053,1,-1.751,0
2025-09-19,sh.600926,14.79306736,15.06629024,14.65645592,15.03701636,14.7833094,52702998,803404071.85,2,0.727,1,1.7162,0
2025-09-22,sh.600926,14.93943676,14.9784686,14.64669796,14.69548776,15.03701636,76585760,1158723083.54,2,1.0565,1,-2.2713,0
2025-09-23,sh.600926,14.70524572,15.0760482,14.56863428,14.85161512,14.69548776,98215979,1500787682.37,2,1.3549,1,1.0624,0
2025-09-24,sh.600926,14.87113104,15.05653228,14.81258328,14.94919472,14.85161512,45162256,690865041.43,2,0.623,1,0.657,0
2025-09-25,sh.600926,14.89064696,14.91992084,14.67597184,14.75403552,14.94919472,69294924,1047279749.07,2,0.9559,1,-1.3055,0
2025-09-26,sh.600926,14.75403552,14.96871064,14.66621388,14.93943676,14.75403552,46591074,708511336.26,2,0.6427,1,1.2566,0
2025-09-29,sh.600926,14.93943676,15.124838,14.81258328,15.01750044,14.93943676,54613729,837677071.72,2,0.7534,1,0.5225,0
2025-09-30,sh.600926,15.0272584,15.03701636,14.76379348,14.90040492,15.01750044,57989607,883297571.53,2,0.8,1,-0.7797,0
2025-10-09,sh.600926,14.8320992,14.90040492,14.70524572,14.89064696,14.90040492,48654828,738971896.54,2,0.6712,1,-0.0655,0
2025-10-10,sh.600926,14.880889,15.21265964,14.8320992,15.16386984,14.89064696,66869216,1036934069.55,2,0.9225,1,1.8349,0
2025-10-13,sh.600926,15.0760482,15.49564048,14.95895268,15.368787,15.16386984,85546574,1337087399.09,2,1.1801,1,1.3514,0
2025-10-14,sh.600926,15.30048128,15.76886336,15.20290168,15.70055764,15.368787,91347950,1460244213.0,2,1.2601,1,2.1587,0
2025-10-15,sh.600926,15.63225192,15.83716908,15.612736,15.70055764,15.70055764,53841261,866070909.79,2,0.7427,1,0.0,0
2025-10-16,sh.600926,15.72983152,15.9054748,15.7103156,15.89571684,15.70055764,55162285,894682918.12,2,0.761,1,1.243,0
2025-10-17,sh.600926,15.88595888,16.16893972,15.86644296,16.0030544,15.89571684,72224514,1186637440.73,2,0.9963,1,0.6753,0
2025-10-20,sh.600926,16.01281236,16.04208624,15.72007356,15.99329644,16.0030544,47809174,779459029.44,2,0.6595,1,-0.061,0
2025-10-21,sh.600926,15.9542646,16.0518442,15.82741112,15.99329644,15.99329644,48533422,793186287.58,2,0.6695,1,0.0,0
2025-10-22,sh.600926,15.94450664,16.13966584,15.93474868,16.01281236,15.99329644,27231764,447340016.15,2,0.3757,1,0.122,0
2025-10-23,sh.600926,16.01281236,16.17869768,15.97378052,16.1494238,16.01281236,42526576,701260128.15,2,0.5867,1,0.8531,0
2025-10-24,sh.600926,16.12014992,16.12990788,15.83716908,15.9054748,16.1494238,52453137,857652050.05,2,0.7236,1,-1.5106,0
2025-10-27,sh.600926,15.81765316,15.94450664,15.69079968,15.78837928,15.9054748,48370183,783032354.69,2,0.6673,1,-0.7362,0
2025-10-28,sh.600926,15.76886336,15.88595888,15.67128376,15.77862132,15.78837928,32989084,533571772.04,2,0.4551,1,-0.0618,0
2025-10-29,sh.600926,15.70055764,15.74934744,15.28096536,15.3199972,15.77862132,66333617,1048024921.17,2,0.9151,1,-2.9066,0
2025-10-30,sh.600926,15.33951312,15.50539844,15.29072332,15.3199972,15.3199972,43208145,681368744.91,2,0.5961,1,0.0,0
2025-10-31,sh.600926,15.19314372,15.368787,15.0272584,15.3199972,15.3199972,70954544,1107811820.68,2,0.9788,1,0.0,0
2025-11-03,sh.600926,15.3199972,15.50539844,15.28096536,15.4175768,15.3199972,45549636,719179515.92,2,0.6284,1,0.6369,0
2025-11-04,sh.600926,15.44685068,15.67128376,15.38830292,15.612736,15.4175768,53315859,850307250.35,2,0.7355,1,1.2658,0
2025-11-05,sh.600926,15.68104172,15.70055764,15.52491436,15.63225192,15.612736,38132392,611125919.4,2,0.526,1,0.125,0
2025-11-06,sh.600926,15.612736,15.73958948,15.5151564,15.60297804,15.63225192,46800118,748821130.57,2,0.6456,1,-0.1873,0
2025-11-07,sh.600926,15.60297804,15.70055764,15.52491436,15.52491436,15.60297804,38953288,622536733.44,2,0.5374,1,-0.5003,0
2025-11-10,sh.600926,15.49564048,15.77862132,15.4175768,15.72007356,15.52491436,42962198,690171156.45,2,0.5927,1,1.2571,0
2025-11-11,sh.600926,15.7103156,15.856685,15.67128376,15.82741112,15.72007356,36896438,596946270.96,2,0.509,1,0.6828,0
2025-11-12,sh.600926,15.87620092,15.96402256,15.7591054,15.7591054,15.82741112,34401003,558851629.3,2,0.4746,1,-0.4316,0
2025-11-13,sh.600926,15.79813724,15.83716908,15.64200988,15.73958948,15.7591054,43604074,702661375.02,2,0.6015,1,-0.1238,0
2025-11-14,sh.600926,15.7591054,15.94450664,15.70055764,15.7103156,15.73958948,36403953,590517070.03,2,0.5022,1,-0.186,0
2025-11-17,sh.600926,15.70055764,15.74934744,15.3199972,15.3199972,15.7103156,65460158,1035025425.22,2,0.903,1,-2.4845,0
2025-11-18,sh.600926,15.44,15.53,15.3,15.34,15.32,40288347,620895658.44,2,0.5558,1,0.1305,0
2025-11-19,sh.600926,15.32,15.5,15.32,15.41,15.34,22978696,354239778.57,2,0.317,1,0.4563,0
2025-11-20,sh.600926,15.41,15.75,15.37,15.58,15.41,43289310,675169090.92,2,0.5972,1,1.1032,0
2025-11-21,sh.600926,15.56,15.71,15.31,15.33,15.58,47726125,739306418.6,2,0.6584,1,-1.6046,0
2025-11-24,sh.600926,15.34,15.43,15.2,15.28,15.33,33548978,513811162.26,2,0.4628,1,-0.3262,0
2025-11-25,sh.600926,15.29,15.49,15.2,15.49,15.28,28079130,431202086.22,2,0.3874,1,1.3743,0
2025-11-26,sh.600926,15.45,15.54,15.37,15.38,15.49,24117593,372398737.6,2,0.3327,1,-0.7101,0
2025-11-27,sh.600926,15.39,15.59,15.29,15.57,15.38,26940534,416818341.45,2,0.3716,1,1.2354,0
2025-11-28,sh.600926,15.57,15.64,15.52,15.59,15.57,29555968,460712730.0,2,0.4077,1,0.1285,0
2025-12-01,sh.600926,15.6,15.76,15.55,15.75,15.59,43124196,676252602.37,2,0.5949,1,1.0263,0
2025-12-02,sh.600926,15.75,15.85,15.66,15.77,15.75,30718741,484400275.11,2,0.4238,1,0.127,0
2025-12-03,sh.600926,15.77,15.95,15.72,15.81,15.77,44701752,709832033.51,2,0.6167,1,0.2536,0
2025-12-04,sh.600926,15.82,15.87,15.73,15.79,15.81,25771478,407109294.86,2,0.3555,1,-0.1265,0
2025-12-05,sh.600926,15.79,15.93,15.52,15.61,15.79,43142801,676798178.21,2,0.5952,1,-1.14,0
2025-12-08,sh.600926,15.6,15.73,15.55,15.67,15.61,32430567,507944549.14,2,0.4474,1,0.3844,0
2025-12-09,sh.600926,15.65,15.89,15.62,15.66,15.67,45986239,723889592.05,2,0.6344,1,-0.0638,0
2025-12-10,sh.600926,15.66,15.77,15.18,15.25,15.66,62959107,968258556.51,2,0.8685,1,-2.6181,0
2025-12-11,sh.600926,15.28,15.4,15.22,15.26,15.25,38008376,581453423.69,2,0.5243,1,0.0656,0
2025-12-12,sh.600926,15.24,15.29,15.07,15.12,15.26,54357923,824081085.21,2,0.7499,1,-0.9174,0
2025-12-15,sh.600926,15.08,15.25,15.05,15.22,15.12,37273739,565177111.34,2,0.5142,1,0.6614,0
2025-12-16,sh.600926,15.21,15.38,15.19,15.28,15.22,39239658,599694264.65,2,0.5413,1,0.3942,0
2025-12-17,sh.600926,15.28,15.32,15.18,15.23,15.28,32499812,495317638.46,2,0.4483,1,-0.3272,0
2025-12-18,sh.600926,15.25,15.63,15.16,15.6,15.23,64261371,993201237.6,2,0.8865,1,2.4294,0
2025-12-19,sh.600926,15.53,15.68,15.46,15.66,15.6,42940378,669912819.33,2,0.5924,1,0.3846,0
2025-12-22,sh.600926,15.59,15.61,15.33,15.35,15.66,47055683,724936838.42,2,0.6491,1,-1.9796,0
2025-12-23,sh.600926,15.38,15.52,15.35,15.39,15.35,32170859,496509810.5,2,0.4438,1,0.2606,0
2025-12-24,sh.600926,15.41,15.42,15.23,15.32,15.39,34984159,535187877.23,2,0.4826,1,-0.4548,0
2025-12-25,sh.600926,15.35,15.5,15.25,15.36,15.32,34376814,529351852.56,2,0.4742,1,0.2611,0
2025-12-26,sh.600926,15.33,15.38,15.21,15.25,15.36,35231159,537617909.24,2,0.486,1,-0.7161,0
2025-12-29,sh.600926,15.24,15.32,15.17,15.28,15.25,36630072,558053028.85,2,0.5053,1,0.1967,0
2025-12-30,sh.600926,15.25,15.39,15.17,15.36,15.28,36512964,558991327.76,2,0.5037,1,0.5236,0
2025-12-31,sh.600926,15.35,15.47,15.26,15.28,15.36,40789843,626367372.62,2,0.5627,1,-0.5208,0
2026-01-05,sh.600926,15.28,15.46,15.27,15.45,15.28,58037789,892639195.73,2,0.8006,1,1.1126,0
2026-01-06,sh.600926,15.48,15.58,15.29,15.55,15.45,54056720,834280201.95,2,0.7457,1,0.6472,0
2026-01-07,sh.600926,15.51,15.85,15.51,15.8,15.55,81743779,1287878448.8,2,1.1277,1,1.6077,0
2026-01-08,sh.600926,15.78,15.86,15.65,15.75,15.8,41240009,649217109.72,2,0.5689,1,-0.3165,0
2026-01-09,sh.600926,15.76,15.76,15.31,15.44,15.75,73374086,1130385033.03,2,1.0122,1,-1.9683,0
2026-01-12,sh.600926,15.36,15.45,15.3,15.39,15.44,44259495,680602663.22,2,0.6106,1,-0.3238,0
2026-01-13,sh.600926,15.39,16.02,15.36,15.96,15.39,120839688,1912333814.14,2,1.667,1,3.7037,0
2026-01-14,sh.600926,15.88,15.88,15.6,15.62,15.96,73837918,1159479600.69,2,1.0186,1,-2.1303,0
2026-01-15,sh.600926,15.61,15.85,15.55,15.68,15.62,62626433,984966533.3,2,0.8639,1,0.3841,0
2026-01-16,sh.600926,15.69,15.73,15.33,15.37,15.68,76246952,1183183100.26,2,1.0518,1,-1.977,0
2026-01-19,sh.600926,15.32,15.33,15.02,15.06,15.37,75128716,1137369878.43,2,1.0364,1,-2.0169,0
2026-01-20,sh.600926,15.06,15.28,15.02,15.24,15.06,47196197,716383500.37,2,0.6511,1,1.1952,0
2026-01-21,sh.600926,15.22,15.37,15.12,15.18,15.24,52816834,805309412.26,2,0.7286,1,-0.3937,0
2026-01-22,sh.600926,15.19,15.52,15.12,15.45,15.18,68129439,1050706932.08,2,0.9398,1,1.7787,0
2026-01-23,sh.600926,15.5,15.51,15.18,15.28,15.45,62307460,952016268.58,2,0.8595,1,-1.1003,0
2026-01-26,sh.600926,15.13,15.77,15.05,15.58,15.28,116223532,1806266571.89,2,1.6033,1,1.9634,0
2026-01-27,sh.600926,15.58,15.94,15.55,15.69,15.58,83786582,1323350069.61,2,1.1558,1,0.706,0
2026-01-28,sh.600926,15.67,16.12,15.58,15.8,15.69,89311724,1420802289.87,2,1.2321,1,0.7011,0
2026-01-29,sh.600926,15.86,16.09,15.78,16.03,15.8,57178730,912915737.18,2,0.7888,1,1.4557,0
2026-01-30,sh.600926,16.1,16.29,16.04,16.16,16.03,55850144,903422801.69,2,0.7705,1,0.811,0
2026-02-02,sh.600926,16.19,16.29,15.88,15.92,16.16,52183805,840199127.05,2,0.7199,1,-1.4851,0
2026-02-03,sh.600926,16.0,16.02,15.75,15.84,15.92,54274891,860931148.2,2,0.7487,1,-0.5025,0
2026-02-04,sh.600926,15.83,16.19,15.83,16.14,15.84,39185287,629981207.32,2,0.5406,1,1.8939,0
